member_casual,total_trips_users,mean_trip_time_users,sum_trip_time_users
casual,266810,31.608574578664,8433483.78333333
member,333128,13.3354599933559,4442415.11666667
